{
  "schema_version": 1,
  "run_id": "20260217_084039",
  "generated_at": "2026-02-17T08:40:52",
  "window_size": 500,
  "series": {
    "x": [
      0,
      1,
      2,
      3,
      4,
      5,
      6,
      7,
      8,
      9,
      10,
      11,
      12,
      13,
      14,
      15,
      16,
      17,
      18,
      19,
      20,
      21,
      22,
      23,
      24,
      25,
      26,
      27,
      28,
      29,
      30,
      31,
      32,
      33,
      34,
      35,
      36,
      37,
      38
    ],
    "clean_health": [
      97.94164122127326,
      97.80632172424852,
      97.99165256130733,
      97.93919095238388,
      98.00880667339733,
      97.76020736565287,
      97.82571004310387,
      97.7710251420145,
      97.95715333163746,
      97.97180007857338,
      97.93093969126355,
      97.80595004106178,
      97.94854922381647,
      97.8171991788231,
      97.84763506743433,
      97.93643319693018,
      97.97460765389219,
      97.80353351354158,
      98.00895055833165,
      97.79050377037795,
      97.95602754351977,
      97.96143784003598,
      98.0465252991319,
      97.66687193155256,
      98.03773705145618,
      97.96818675935862,
      97.9419566884049,
      97.87305505212454,
      98.08806925724097,
      97.87086227389248,
      97.98318887626277,
      98.05630032048433,
      98.0672221376243,
      97.95979008760727,
      97.9837329044952,
      97.95680230403673,
      97.81142435815848,
      97.94295736939375,
      97.63734903034332
    ],
    "drifted_health": [
      94.88654062651561,
      94.89662976534493,
      95.010727877618,
      94.91288618097286,
      94.93514263356961,
      94.83890843443274,
      94.82435111679531,
      94.7893356148367,
      94.9607040972878,
      94.97100612948647,
      94.91494751456673,
      94.90607605774058,
      95.00069941457258,
      94.89737671123754,
      94.92488109101397,
      94.93003448367931,
      94.98114755276784,
      94.77606105603445,
      95.00753500520351,
      94.89673644675216,
      94.98704319687444,
      94.91308727953316,
      94.9574109983367,
      94.72583189345708,
      94.9681916298519,
      94.84471259541839,
      94.98238765077625,
      94.88419193381763,
      95.03188940811476,
      94.92378141578199,
      94.97872750440912,
      94.99301788380588,
      94.99385015135205,
      94.96253745658733,
      94.86601566362378,
      94.99286601830426,
      94.85493810805981,
      94.90481624303644,
      94.69777685762412
    ]
  },
  "summary": {
    "clean_health": 98.01024743647605,
    "drifted_health": 94.99204279315462,
    "drifted_entropy_change": 0.0044,
    "drifted_pred_ks": 0.15456747344959718,
    "drifted_last_window_feature": "src_bytes",
    "drifted_last_window_ks": 0.9368421052631579
  },
  "proof": {
    "uses_model_predictions": true,
    "model_type": "LogisticRegression",
    "health_compute_mode_clean": "fallback(ks-based)",
    "health_compute_mode_drift": "fallback(ks-based)",
    "inputs": {
      "baseline": {
        "path": "D:\\User\\Desktop\\8th sem\\Final_Year_Project\\Testing\\data\\processed\\baseline.csv",
        "bytes": 35912980,
        "mtime": "2026-02-10T18:16:55"
      },
      "live_clean": {
        "path": "D:\\User\\Desktop\\8th sem\\Final_Year_Project\\Testing\\data\\processed\\live.csv",
        "bytes": 23936587,
        "mtime": "2026-02-10T18:16:56"
      },
      "drifted": {
        "path": "D:\\User\\Desktop\\8th sem\\Final_Year_Project\\Testing\\data\\processed\\live_drifted.csv",
        "bytes": 23317471,
        "mtime": "2026-02-13T13:51:42"
      },
      "model": {
        "path": "D:\\User\\Desktop\\8th sem\\Final_Year_Project\\Testing\\models\\logreg_model.joblib",
        "bytes": 4031,
        "mtime": "2026-02-10T18:17:12"
      }
    }
  },
  "payload_hash": "c88a244aec7e60d6",
  "series_hash": "f67ae17f91d73c8d"
}